-- MariaDB dump 10.19  Distrib 10.6.5-MariaDB, for debian-linux-gnu (x86_64)
--
-- Host: localhost    Database: arch
-- ------------------------------------------------------
-- Server version	10.6.5-MariaDB-1:10.6.5+maria~focal

/*!40101 SET @OLD_CHARACTER_SET_CLIENT=@@CHARACTER_SET_CLIENT */;
/*!40101 SET @OLD_CHARACTER_SET_RESULTS=@@CHARACTER_SET_RESULTS */;
/*!40101 SET @OLD_COLLATION_CONNECTION=@@COLLATION_CONNECTION */;
/*!40101 SET NAMES utf8mb4 */;
/*!40103 SET @OLD_TIME_ZONE=@@TIME_ZONE */;
/*!40103 SET TIME_ZONE='+00:00' */;
/*!40014 SET @OLD_UNIQUE_CHECKS=@@UNIQUE_CHECKS, UNIQUE_CHECKS=0 */;
/*!40014 SET @OLD_FOREIGN_KEY_CHECKS=@@FOREIGN_KEY_CHECKS, FOREIGN_KEY_CHECKS=0 */;
/*!40101 SET @OLD_SQL_MODE=@@SQL_MODE, SQL_MODE='NO_AUTO_VALUE_ON_ZERO' */;
/*!40111 SET @OLD_SQL_NOTES=@@SQL_NOTES, SQL_NOTES=0 */;

--
-- Table structure for table `courses`
--

DROP TABLE IF EXISTS `courses`;
/*!40101 SET @saved_cs_client     = @@character_set_client */;
/*!40101 SET character_set_client = utf8 */;
CREATE TABLE `courses` (
  `id` int(10) unsigned NOT NULL AUTO_INCREMENT,
  `name` varchar(255) DEFAULT NULL,
  `department` int(10) unsigned DEFAULT NULL,
  `rating` int(10) DEFAULT NULL,
  PRIMARY KEY (`id`),
  KEY `department` (`department`),
  CONSTRAINT `courses_ibfk_1` FOREIGN KEY (`department`) REFERENCES `departments` (`id`)
) ENGINE=InnoDB AUTO_INCREMENT=505 DEFAULT CHARSET=utf8mb4;
/*!40101 SET character_set_client = @saved_cs_client */;

--
-- Dumping data for table `courses`
--

LOCK TABLES `courses` WRITE;
/*!40000 ALTER TABLE `courses` DISABLE KEYS */;
INSERT INTO `courses` VALUES (1,'alex11',3,NULL),(2,'alex11',3,111),(3,'Nam porttitor scelerisque',2,3),(4,'in, dolor. Fusce',2,8),(5,'convallis, ante lectus',1,5),(6,'nec, leo. Morbi',1,5),(7,'Aliquam gravida mauris',3,6),(8,'neque venenatis lacus.',2,6),(9,'nibh. Phasellus nulla.',1,7),(10,'libero. Proin mi.',2,5),(11,'non, feugiat nec,',3,7),(12,'auctor, velit eget',2,1),(13,'sem magna nec',3,7),(14,'augue id ante',2,7),(15,'gravida. Aliquam tincidunt,',3,2),(16,'risus. Donec egestas.',2,4),(17,'Nunc sed orci',1,5),(18,'hendrerit neque. In',3,10),(19,'Aliquam tincidunt, nunc',2,2),(20,'et nunc. Quisque',2,3),(21,'porttitor eros nec',2,8),(22,'In ornare sagittis',2,2),(23,'Cras dolor dolor,',1,3),(24,'sollicitudin adipiscing ligula.',2,2),(25,'velit. Quisque varius.',2,10),(26,'augue scelerisque mollis.',2,3),(27,'penatibus et magnis',2,0),(28,'Quisque porttitor eros',1,9),(29,'placerat eget, venenatis',3,3),(30,'sapien. Nunc pulvinar',2,3),(31,'In ornare sagittis',2,9),(32,'sit amet nulla.',2,6),(33,'pellentesque, tellus sem',2,0),(34,'erat. Etiam vestibulum',2,1),(35,'arcu imperdiet ullamcorper.',3,8),(36,'a neque. Nullam',2,2),(37,'Donec sollicitudin adipiscing',2,1),(38,'eu, euismod ac,',2,7),(39,'sociis natoque penatibus',3,1),(40,'molestie. Sed id',2,5),(41,'ipsum. Donec sollicitudin',2,8),(42,'Suspendisse ac metus',1,0),(43,'mi lorem, vehicula',1,7),(44,'vulputate, risus a',3,0),(45,'ac turpis egestas.',2,4),(46,'ridiculus mus. Proin',3,3),(47,'consectetuer adipiscing elit.',2,1),(48,'nunc sed pede.',3,8),(49,'at arcu. Vestibulum',1,3),(50,'Proin sed turpis',2,6),(51,'congue, elit sed',3,1),(52,'nascetur ridiculus mus.',3,8),(53,'placerat velit. Quisque',1,2),(54,'amet risus. Donec',2,8),(55,'magna. Cras convallis',2,9),(56,'Cum sociis natoque',1,6),(57,'velit eget laoreet',2,2),(58,'magna. Ut tincidunt',3,1),(59,'nunc, ullamcorper eu,',3,3),(60,'Vestibulum accumsan neque',2,7),(61,'et tristique pellentesque,',3,2),(62,'tincidunt orci quis',3,8),(63,'quis accumsan convallis,',2,8),(64,'ultrices. Duis volutpat',2,4),(65,'Donec luctus aliquet',3,6),(66,'fermentum metus. Aenean',1,3),(67,'nec, malesuada ut,',2,5),(68,'sit amet lorem',1,6),(69,'magna et ipsum',2,2),(70,'lorem tristique aliquet.',2,8),(71,'amet ornare lectus',3,0),(72,'nonummy ut, molestie',2,6),(73,'eu, eleifend nec,',3,4),(74,'Curabitur consequat, lectus',3,0),(75,'a, arcu. Sed',3,6),(76,'penatibus et magnis',2,9),(77,'odio tristique pharetra.',2,7),(78,'erat vitae risus.',2,2),(79,'vitae semper egestas,',1,8),(80,'Nunc ut erat.',1,7),(81,'amet luctus vulputate,',2,3),(82,'in magna. Phasellus',2,6),(83,'mus. Proin vel',1,1),(84,'lorem ut aliquam',2,8),(85,'at augue id',2,9),(86,'consectetuer mauris id',2,3),(87,'ut cursus luctus,',1,7),(88,'ridiculus mus. Proin',1,7),(89,'senectus et netus',2,8),(90,'nascetur ridiculus mus.',2,10),(91,'consequat auctor, nunc',2,9),(92,'erat semper rutrum.',2,4),(93,'urna justo faucibus',1,3),(94,'metus eu erat',3,9),(95,'adipiscing non, luctus',2,5),(96,'consectetuer, cursus et,',2,1),(97,'dictum ultricies ligula.',2,8),(98,'nulla magna, malesuada',2,4),(99,'Maecenas mi felis,',1,1),(100,'ornare egestas ligula.',3,7),(101,'tincidunt adipiscing. Mauris',2,10),(102,'sociis natoque penatibus',1,6),(103,'in molestie tortor',1,2),(104,'magna a tortor.',3,8),(105,'pellentesque, tellus sem',2,5),(106,'amet, consectetuer adipiscing',1,9),(107,'varius orci, in',1,0),(108,'sem magna nec',2,5),(109,'lacus. Etiam bibendum',2,6),(110,'tellus eu augue',2,8),(111,'consequat nec, mollis',3,9),(112,'Nunc ac sem',2,2),(113,'a felis ullamcorper',1,1),(114,'semper auctor. Mauris',3,4),(115,'vel arcu. Curabitur',3,0),(116,'fermentum risus, at',2,4),(117,'faucibus. Morbi vehicula.',2,9),(118,'odio. Etiam ligula',2,0),(119,'nascetur ridiculus mus.',3,3),(120,'sed pede. Cum',2,3),(121,'est ac facilisis',2,10),(122,'rhoncus. Proin nisl',2,7),(123,'vulputate eu, odio.',2,6),(124,'amet ultricies sem',3,8),(125,'aptent taciti sociosqu',2,4),(126,'mi. Aliquam gravida',3,3),(127,'rutrum lorem ac',3,9),(128,'adipiscing, enim mi',3,7),(129,'tortor, dictum eu,',2,8),(130,'eget mollis lectus',2,2),(131,'ultrices posuere cubilia',3,6),(132,'eget laoreet posuere,',1,9),(133,'Sed et libero.',1,2),(134,'fringilla purus mauris',1,6),(135,'pede et risus.',1,8),(136,'molestie pharetra nibh.',2,5),(137,'felis, adipiscing fringilla,',2,3),(138,'Duis sit amet',2,1),(139,'Nullam ut nisi',2,3),(140,'enim. Etiam imperdiet',3,7),(141,'tristique ac, eleifend',3,8),(142,'mi eleifend egestas.',2,9),(143,'justo nec ante.',1,3),(144,'semper pretium neque.',2,1),(145,'Integer eu lacus.',2,8),(146,'Aenean gravida nunc',1,9),(147,'et malesuada fames',2,8),(148,'enim. Curabitur massa.',1,2),(149,'euismod mauris eu',2,4),(150,'suscipit nonummy. Fusce',2,9),(151,'Curae Donec tincidunt.',3,3),(152,'nisl. Quisque fringilla',1,6),(153,'Morbi vehicula. Pellentesque',2,8),(154,'Quisque nonummy ipsum',1,4),(155,'iaculis odio. Nam',3,9),(156,'Duis elementum, dui',2,4),(157,'imperdiet ullamcorper. Duis',2,10),(158,'cursus purus. Nullam',1,10),(159,'metus eu erat',2,9),(160,'Duis risus odio,',2,6),(161,'aliquam eros turpis',2,3),(162,'quam. Curabitur vel',2,0),(163,'vitae, orci. Phasellus',3,4),(164,'nec, eleifend non,',3,3),(165,'Mauris ut quam',2,0),(166,'malesuada fames ac',3,8),(167,'quam, elementum at,',1,10),(168,'vitae aliquam eros',2,2),(169,'ante, iaculis nec,',3,4),(170,'luctus sit amet,',1,7),(171,'dolor sit amet,',1,5),(172,'in faucibus orci',1,10),(173,'neque. Nullam nisl.',3,6),(174,'accumsan laoreet ipsum.',1,6),(175,'vitae, aliquet nec,',2,6),(176,'mauris elit, dictum',1,9),(177,'semper. Nam tempor',2,1),(178,'vel lectus. Cum',2,9),(179,'mollis vitae, posuere',3,8),(180,'posuere, enim nisl',2,8),(181,'at, iaculis quis,',2,2),(182,'quam, elementum at,',2,8),(183,'tellus, imperdiet non,',3,1),(184,'faucibus orci luctus',3,10),(185,'augue ac ipsum.',2,9),(186,'elementum purus, accumsan',3,2),(187,'Ut sagittis lobortis',1,8),(188,'tempus mauris erat',2,5),(189,'magna sed dui.',3,10),(190,'a ultricies adipiscing,',3,8),(191,'nec quam. Curabitur',2,5),(192,'dolor quam, elementum',1,8),(193,'at pede. Cras',1,2),(194,'convallis dolor. Quisque',2,1),(195,'Sed eget lacus.',2,9),(196,'Maecenas iaculis aliquet',2,5),(197,'Integer eu lacus.',2,7),(198,'Etiam gravida molestie',3,6),(199,'erat volutpat. Nulla',2,0),(200,'lobortis augue scelerisque',3,6),(201,'eget varius ultrices,',1,10),(202,'dapibus rutrum, justo.',2,4),(203,'ullamcorper. Duis cursus,',2,5),(204,'luctus. Curabitur egestas',1,6),(205,'facilisi. Sed neque.',2,8),(206,'Nulla eget metus',2,6),(207,'vehicula risus. Nulla',2,4),(208,'enim. Etiam imperdiet',3,3),(209,'quis arcu vel',3,9),(210,'ac risus. Morbi',1,9),(211,'nec urna suscipit',1,5),(212,'id, blandit at,',2,7),(213,'sed dictum eleifend,',2,7),(214,'sit amet metus.',1,8),(215,'quam. Pellentesque habitant',2,6),(216,'a odio semper',1,10),(217,'Aliquam nisl. Nulla',2,10),(218,'elit fermentum risus,',2,9),(219,'vel nisl. Quisque',2,8),(220,'lorem ipsum sodales',3,3),(221,'eu augue porttitor',2,4),(222,'egestas. Aliquam nec',3,2),(223,'sed, sapien. Nunc',2,3),(224,'metus sit amet',1,7),(225,'sagittis. Duis gravida.',3,2),(226,'eu arcu. Morbi',1,9),(227,'diam. Pellentesque habitant',3,7),(228,'nisi nibh lacinia',1,8),(229,'rutrum magna. Cras',3,3),(230,'ridiculus mus. Proin',2,4),(231,'nascetur ridiculus mus.',2,3),(232,'neque sed dictum',1,7),(233,'nisi dictum augue',1,6),(234,'aliquet nec, imperdiet',2,7),(235,'in consequat enim',2,8),(236,'fringilla cursus purus.',2,3),(237,'lectus quis massa.',3,1),(238,'Quisque porttitor eros',2,9),(239,'enim consequat purus.',2,8),(240,'ornare. Fusce mollis.',3,2),(241,'risus. Donec egestas.',1,5),(242,'erat volutpat. Nulla',1,6),(243,'Cum sociis natoque',2,6),(244,'quis massa. Mauris',2,8),(245,'semper. Nam tempor',2,5),(246,'tempus risus. Donec',2,0),(247,'molestie. Sed id',2,5),(248,'risus. Morbi metus.',2,5),(249,'tempus non, lacinia',2,4),(250,'eleifend non, dapibus',3,2),(251,'Nullam feugiat placerat',3,1),(252,'Duis gravida. Praesent',2,5),(253,'ac urna. Ut',1,5),(254,'Mauris vel turpis.',2,10),(255,'justo. Praesent luctus.',2,3),(256,'Sed eu nibh',1,5),(257,'sit amet, risus.',1,4),(258,'dictum eu, eleifend',2,8),(259,'aliquam eu, accumsan',1,2),(260,'consequat auctor, nunc',2,4),(261,'ante. Maecenas mi',1,9),(262,'suscipit, est ac',2,3),(263,'Duis dignissim tempor',2,0),(264,'a, aliquet vel,',3,9),(265,'Aliquam tincidunt, nunc',2,2),(266,'libero. Morbi accumsan',3,7),(267,'auctor odio a',1,9),(268,'eget metus eu',1,9),(269,'massa. Suspendisse eleifend.',1,9),(270,'odio. Etiam ligula',3,3),(271,'porttitor vulputate, posuere',1,10),(272,'diam at pretium',3,5),(273,'nonummy ultricies ornare,',2,3),(274,'facilisis non, bibendum',2,6),(275,'luctus. Curabitur egestas',3,3),(276,'Praesent luctus. Curabitur',2,2),(277,'turpis non enim.',3,2),(278,'nisi nibh lacinia',3,10),(279,'nulla vulputate dui,',2,6),(280,'risus, at fringilla',2,8),(281,'porttitor tellus non',2,5),(282,'Nulla interdum. Curabitur',1,9),(283,'velit egestas lacinia.',1,5),(284,'ligula eu enim.',3,7),(285,'facilisis facilisis, magna',3,9),(286,'egestas ligula. Nullam',2,4),(287,'feugiat tellus lorem',3,6),(288,'ipsum. Curabitur consequat,',1,4),(289,'dignissim magna a',2,7),(290,'et, euismod et,',2,2),(291,'Maecenas malesuada fringilla',1,4),(292,'neque pellentesque massa',1,4),(293,'Suspendisse sagittis. Nullam',3,6),(294,'nunc ac mattis',2,7),(295,'Donec luctus aliquet',3,8),(296,'rutrum non, hendrerit',2,4),(297,'mauris sapien, cursus',2,4),(298,'erat neque non',2,5),(299,'et ultrices posuere',1,8),(300,'in sodales elit',1,1),(301,'nibh sit amet',2,4),(302,'diam lorem, auctor',1,2),(303,'sed pede. Cum',2,4),(304,'Donec vitae erat',2,6),(305,'vel, vulputate eu,',2,5),(306,'vulputate eu, odio.',1,8),(307,'non lorem vitae',2,0),(308,'non nisi. Aenean',3,8),(309,'magna nec quam.',3,3),(310,'vestibulum massa rutrum',2,8),(311,'Curabitur sed tortor.',3,8),(312,'lobortis ultrices. Vivamus',3,5),(313,'In at pede.',2,8),(314,'vulputate dui, nec',3,4),(315,'non enim commodo',2,3),(316,'adipiscing elit. Aliquam',1,8),(317,'laoreet lectus quis',3,6),(318,'sapien. Nunc pulvinar',2,10),(319,'scelerisque dui. Suspendisse',2,8),(320,'ipsum primis in',2,1),(321,'vitae, orci. Phasellus',2,10),(322,'nonummy ipsum non',3,8),(323,'mollis vitae, posuere',3,3),(324,'est mauris, rhoncus',3,6),(325,'nunc, ullamcorper eu,',3,5),(326,'pede. Cras vulputate',3,6),(327,'at, iaculis quis,',3,6),(328,'libero at auctor',2,5),(329,'morbi tristique senectus',2,10),(330,'leo. Vivamus nibh',2,6),(331,'nibh enim, gravida',2,8),(332,'In mi pede,',3,6),(333,'augue ut lacus.',1,1),(334,'urna. Ut tincidunt',2,4),(335,'ut, pellentesque eget,',3,3),(336,'gravida molestie arcu.',2,6),(337,'aliquam adipiscing lacus.',1,4),(338,'volutpat. Nulla dignissim.',2,5),(339,'Etiam vestibulum massa',3,10),(340,'mi, ac mattis',3,6),(341,'condimentum eget, volutpat',3,5),(342,'arcu. Morbi sit',1,8),(343,'eleifend egestas. Sed',2,6),(344,'Sed malesuada augue',3,9),(345,'In nec orci.',3,7),(346,'sit amet risus.',3,1),(347,'ultrices iaculis odio.',3,7),(348,'sed consequat auctor,',2,6),(349,'suscipit nonummy. Fusce',1,5),(350,'Pellentesque ut ipsum',2,7),(351,'elit elit fermentum',2,3),(352,'Donec porttitor tellus',1,0),(353,'lacus. Aliquam rutrum',2,5),(354,'et magnis dis',2,3),(355,'dapibus id, blandit',2,5),(356,'elit. Nulla facilisi.',3,1),(357,'egestas ligula. Nullam',1,1),(358,'Cum sociis natoque',2,4),(359,'mi enim, condimentum',2,0),(360,'a purus. Duis',3,5),(361,'ipsum. Suspendisse non',2,6),(362,'vulputate, risus a',2,6),(363,'nulla at sem',2,8),(364,'aliquam adipiscing lacus.',1,6),(365,'Morbi vehicula. Pellentesque',1,0),(366,'montes, nascetur ridiculus',2,2),(367,'accumsan sed, facilisis',3,6),(368,'eros. Proin ultrices.',2,8),(369,'Nam consequat dolor',1,0),(370,'malesuada id, erat.',2,5),(371,'convallis dolor. Quisque',1,6),(372,'sapien molestie orci',2,1),(373,'metus urna convallis',1,0),(374,'volutpat. Nulla dignissim.',2,2),(375,'amet ultricies sem',2,3),(376,'sociis natoque penatibus',2,7),(377,'molestie orci tincidunt',1,2),(378,'pede, ultrices a,',2,2),(379,'tristique senectus et',3,4),(380,'a, facilisis non,',2,5),(381,'pede. Praesent eu',1,9),(382,'neque vitae semper',2,6),(383,'nascetur ridiculus mus.',2,1),(384,'Fusce mollis. Duis',3,8),(385,'eleifend, nunc risus',2,0),(386,'odio. Nam interdum',1,4),(387,'suscipit, est ac',2,2),(388,'sem magna nec',1,3),(389,'orci luctus et',1,5),(390,'at augue id',1,5),(391,'Mauris magna. Duis',2,8),(392,'eu sem. Pellentesque',2,2),(393,'consequat, lectus sit',1,5),(394,'commodo hendrerit. Donec',1,5),(395,'pede et risus.',2,6),(396,'Sed diam lorem,',2,0),(397,'ornare, libero at',3,5),(398,'porttitor scelerisque neque.',3,1),(399,'ultrices. Vivamus rhoncus.',1,8),(400,'sed dui. Fusce',3,0),(401,'aliquet odio. Etiam',1,6),(402,'natoque penatibus et',1,9),(403,'risus, at fringilla',1,9),(404,'Aliquam gravida mauris',1,7),(405,'vehicula aliquet libero.',2,4),(406,'malesuada vel, venenatis',2,2),(407,'fames ac turpis',1,4),(408,'eu tellus eu',2,3),(409,'gravida molestie arcu.',1,6),(410,'Quisque ornare tortor',1,6),(411,'tortor nibh sit',3,2),(412,'ipsum primis in',1,4),(413,'dui, in sodales',3,7),(414,'Quisque libero lacus,',2,8),(415,'fringilla mi lacinia',2,6),(416,'ac mi eleifend',3,5),(417,'imperdiet dictum magna.',3,3),(418,'interdum. Sed auctor',3,1),(419,'Praesent eu nulla',2,5),(420,'iaculis nec, eleifend',2,1),(421,'a sollicitudin orci',2,1),(422,'ipsum dolor sit',2,7),(423,'lacus vestibulum lorem,',1,5),(424,'blandit enim consequat',2,5),(425,'quis diam luctus',2,2),(426,'pede et risus.',1,4),(427,'malesuada vel, venenatis',3,4),(428,'eget magna. Suspendisse',2,0),(429,'conubia nostra, per',3,1),(430,'Ut tincidunt vehicula',1,1),(431,'Quisque imperdiet, erat',2,1),(432,'et ipsum cursus',3,3),(433,'nibh. Phasellus nulla.',3,3),(434,'in consectetuer ipsum',3,5),(435,'ipsum primis in',2,6),(436,'non leo. Vivamus',2,9),(437,'mauris erat eget',2,7),(438,'in, tempus eu,',3,1),(439,'egestas. Sed pharetra,',2,1),(440,'sociosqu ad litora',2,6),(441,'interdum enim non',3,9),(442,'ipsum. Suspendisse sagittis.',2,6),(443,'egestas, urna justo',1,4),(444,'pretium et, rutrum',1,4),(445,'lobortis augue scelerisque',2,2),(446,'libero at auctor',1,2),(447,'ac ipsum. Phasellus',2,10),(448,'auctor. Mauris vel',2,7),(449,'sed, sapien. Nunc',3,8),(450,'metus urna convallis',3,2),(451,'rutrum lorem ac',2,4),(452,'at, velit. Cras',2,6),(453,'accumsan convallis, ante',2,10),(454,'Etiam imperdiet dictum',1,6),(455,'tincidunt aliquam arcu.',2,9),(456,'nec, euismod in,',2,4),(457,'non leo. Vivamus',1,4),(458,'In ornare sagittis',2,2),(459,'quam vel sapien',3,7),(460,'adipiscing lacus. Ut',2,7),(461,'metus. Vivamus euismod',2,9),(462,'arcu. Sed eu',2,5),(463,'facilisis non, bibendum',1,5),(464,'at, velit. Cras',2,3),(465,'magna. Cras convallis',1,1),(466,'egestas. Aliquam nec',1,6),(467,'elit. Curabitur sed',1,8),(468,'Suspendisse ac metus',3,3),(469,'consequat enim diam',3,4),(470,'Cras eget nisi',2,5),(471,'adipiscing lobortis risus.',2,4),(472,'Cum sociis natoque',2,5),(473,'et arcu imperdiet',1,1),(474,'magna et ipsum',3,1),(475,'accumsan neque et',3,9),(476,'elit pede, malesuada',2,9),(477,'molestie pharetra nibh.',2,7),(478,'Curabitur dictum. Phasellus',3,0),(479,'orci. Donec nibh.',1,2),(480,'turpis vitae purus',2,1),(481,'nulla ante, iaculis',1,8),(482,'Nulla interdum. Curabitur',2,7),(483,'rutrum lorem ac',3,6),(484,'nunc id enim.',3,2),(485,'ipsum dolor sit',1,7),(486,'risus. Duis a',2,6),(487,'turpis nec mauris',2,8),(488,'est. Mauris eu',2,4),(489,'a sollicitudin orci',2,7),(490,'sed leo. Cras',3,4),(491,'Duis mi enim,',1,7),(492,'eget magna. Suspendisse',2,6),(493,'et risus. Quisque',2,3),(494,'purus. Maecenas libero',1,8),(495,'odio. Aliquam vulputate',2,7),(496,'lacus. Quisque imperdiet,',1,6),(497,'In ornare sagittis',3,10),(498,'placerat. Cras dictum',1,2),(499,'et netus et',2,6),(500,'ac libero nec',1,0),(501,'course1',1,1),(504,'PHP Advanced',3,10);
/*!40000 ALTER TABLE `courses` ENABLE KEYS */;
UNLOCK TABLES;

--
-- Table structure for table `courses_students`
--

DROP TABLE IF EXISTS `courses_students`;
/*!40101 SET @saved_cs_client     = @@character_set_client */;
/*!40101 SET character_set_client = utf8 */;
CREATE TABLE `courses_students` (
  `id` int(10) unsigned NOT NULL AUTO_INCREMENT,
  `course` int(10) unsigned DEFAULT NULL,
  `student` int(10) unsigned DEFAULT NULL,
  PRIMARY KEY (`id`),
  KEY `course` (`course`),
  KEY `student` (`student`),
  CONSTRAINT `courses_students_ibfk_1` FOREIGN KEY (`course`) REFERENCES `courses` (`id`),
  CONSTRAINT `courses_students_ibfk_2` FOREIGN KEY (`student`) REFERENCES `students` (`id`)
) ENGINE=InnoDB AUTO_INCREMENT=1007 DEFAULT CHARSET=utf8mb4;
/*!40101 SET character_set_client = @saved_cs_client */;

--
-- Dumping data for table `courses_students`
--

LOCK TABLES `courses_students` WRITE;
/*!40000 ALTER TABLE `courses_students` DISABLE KEYS */;
INSERT INTO `courses_students` VALUES (1,75,429),(2,231,461),(3,141,268),(4,175,223),(5,445,358),(6,382,371),(7,277,250),(8,129,263),(9,16,220),(10,272,221),(11,429,60),(12,235,197),(13,172,445),(14,27,66),(15,411,471),(16,159,109),(17,403,183),(18,38,249),(19,210,51),(20,195,378),(21,333,361),(22,190,66),(23,190,327),(24,34,115),(25,254,172),(26,324,410),(27,172,218),(28,23,133),(29,258,240),(30,348,332),(31,420,94),(32,328,438),(33,486,320),(34,321,119),(35,158,271),(36,447,147),(37,215,469),(38,220,37),(39,74,410),(40,280,153),(41,413,382),(42,337,390),(43,356,481),(44,401,256),(45,116,320),(46,387,468),(47,17,110),(48,442,312),(49,111,159),(50,8,4),(51,463,32),(52,407,496),(53,38,277),(54,309,154),(55,156,280),(56,191,333),(57,37,222),(58,444,403),(59,36,28),(60,55,219),(61,380,372),(62,455,34),(63,497,306),(64,187,12),(65,195,69),(66,127,399),(67,436,50),(68,349,176),(69,113,454),(70,20,439),(71,428,56),(72,50,168),(73,476,149),(74,144,295),(75,317,53),(76,70,343),(77,53,467),(78,91,314),(79,107,208),(80,188,99),(81,301,185),(82,350,85),(83,58,375),(84,327,360),(85,160,160),(86,420,313),(87,351,283),(88,455,304),(89,402,146),(90,305,11),(91,477,54),(92,242,25),(93,169,160),(94,217,343),(95,274,172),(96,164,420),(97,90,244),(98,95,408),(99,319,17),(100,90,53),(101,33,106),(102,419,333),(103,176,282),(104,495,341),(105,344,13),(106,23,72),(107,208,275),(108,343,190),(109,235,278),(110,125,50),(111,366,498),(112,33,356),(113,399,400),(114,33,495),(115,209,231),(116,49,131),(117,345,98),(118,258,37),(119,58,279),(120,450,464),(121,111,414),(122,62,141),(123,265,2),(124,232,149),(125,274,230),(126,22,301),(127,259,353),(128,12,325),(129,471,437),(130,163,424),(131,381,65),(132,52,465),(133,315,438),(134,336,450),(135,25,329),(136,338,104),(137,190,236),(138,425,98),(139,100,422),(140,121,170),(141,185,429),(142,193,299),(143,336,236),(144,414,65),(145,247,307),(146,282,96),(147,494,129),(148,50,77),(149,209,55),(150,138,461),(151,222,282),(152,5,206),(153,231,163),(154,322,56),(155,224,228),(156,25,211),(157,223,423),(158,490,2),(159,273,180),(160,169,221),(161,324,222),(162,163,483),(163,157,373),(164,359,380),(165,49,354),(166,173,368),(167,91,158),(168,377,422),(169,265,307),(170,345,195),(171,363,292),(172,374,146),(173,500,266),(174,6,26),(175,481,496),(176,366,481),(177,437,92),(178,439,441),(179,430,268),(180,215,169),(181,412,347),(182,182,88),(183,102,437),(184,161,454),(185,6,137),(186,161,473),(187,15,339),(188,297,104),(189,2,338),(190,359,387),(191,231,435),(192,194,10),(193,208,193),(194,473,452),(195,346,458),(196,483,164),(197,499,425),(198,465,498),(199,271,224),(200,288,478),(201,338,44),(202,292,231),(203,465,222),(204,225,95),(205,238,423),(206,6,68),(207,405,184),(208,484,454),(209,41,43),(210,196,240),(211,77,70),(212,191,282),(213,315,218),(214,148,96),(215,314,335),(216,177,218),(217,180,339),(218,99,185),(219,475,134),(220,244,206),(221,352,394),(222,227,34),(223,93,8),(224,103,404),(225,201,384),(226,160,315),(227,83,182),(228,57,157),(229,190,389),(230,396,429),(231,69,223),(232,138,66),(233,426,199),(234,99,52),(235,186,208),(236,481,473),(237,292,269),(238,82,21),(239,454,49),(240,217,308),(241,391,68),(242,190,348),(243,418,174),(244,91,258),(245,446,238),(246,246,282),(247,452,174),(248,119,327),(249,389,499),(250,116,430),(251,315,352),(252,327,116),(253,452,47),(254,308,500),(255,188,85),(256,480,382),(257,36,275),(258,435,371),(259,165,337),(260,266,346),(261,111,286),(262,101,421),(263,209,337),(264,65,388),(265,9,213),(266,375,94),(267,337,319),(268,438,129),(269,395,61),(270,444,280),(271,410,54),(272,97,413),(273,395,149),(274,248,499),(275,10,60),(276,148,81),(277,151,254),(278,234,477),(279,48,98),(280,146,97),(281,91,331),(282,229,258),(283,286,19),(284,400,376),(285,396,304),(286,105,450),(287,370,253),(288,68,323),(289,343,174),(290,249,469),(291,158,464),(292,472,82),(293,393,247),(294,471,175),(295,162,291),(296,100,457),(297,395,326),(298,407,115),(299,10,203),(300,344,385),(301,72,468),(302,334,250),(303,141,282),(304,368,493),(305,60,459),(306,269,108),(307,428,375),(308,154,11),(309,262,363),(310,104,256),(311,58,85),(312,48,57),(313,2,455),(314,124,178),(315,136,72),(316,255,127),(317,461,110),(318,121,172),(319,195,289),(320,131,69),(321,294,478),(322,452,158),(323,24,68),(324,304,164),(325,72,466),(326,163,435),(327,440,228),(328,266,426),(329,273,183),(330,206,439),(331,282,432),(332,234,75),(333,112,209),(334,15,59),(335,96,338),(336,347,406),(337,144,344),(338,177,99),(339,346,262),(340,94,374),(341,409,285),(342,81,69),(343,329,109),(344,86,447),(345,432,133),(346,162,154),(347,40,352),(348,201,477),(349,217,227),(350,24,417),(351,18,69),(352,203,468),(353,142,305),(354,5,89),(355,231,125),(356,9,436),(357,72,415),(358,287,155),(359,458,293),(360,304,484),(361,132,310),(362,339,328),(363,366,365),(364,376,457),(365,357,327),(366,290,125),(367,458,177),(368,438,203),(369,414,32),(370,376,286),(371,464,81),(372,184,333),(373,217,494),(374,264,376),(375,114,213),(376,134,100),(377,174,349),(378,231,239),(379,451,408),(380,431,378),(381,240,374),(382,22,78),(383,423,28),(384,312,137),(385,41,276),(386,85,115),(387,412,32),(388,264,129),(389,76,490),(390,454,219),(391,410,61),(392,466,68),(393,186,317),(394,356,75),(395,195,266),(396,289,294),(397,404,3),(398,330,278),(399,215,230),(400,10,445),(401,91,424),(402,248,3),(403,96,463),(404,217,266),(405,490,214),(406,107,30),(407,371,202),(408,94,314),(409,331,313),(410,280,158),(411,409,345),(412,177,26),(413,468,161),(414,287,190),(415,54,255),(416,490,400),(417,406,442),(418,186,187),(419,76,6),(420,194,109),(421,65,318),(422,463,63),(423,171,109),(424,458,98),(425,189,48),(426,134,218),(427,145,58),(428,130,240),(429,284,333),(430,159,206),(431,191,62),(432,452,473),(433,490,33),(434,227,416),(435,425,308),(436,213,348),(437,271,147),(438,332,16),(439,493,395),(440,150,165),(441,416,493),(442,244,389),(443,452,21),(444,286,83),(445,311,4),(446,204,429),(447,309,363),(448,68,111),(449,373,416),(450,39,338),(451,425,156),(452,70,276),(453,243,495),(454,266,300),(455,337,71),(456,379,70),(457,434,328),(458,277,78),(459,413,90),(460,177,308),(461,414,47),(462,11,152),(463,34,79),(464,388,115),(465,337,446),(466,51,91),(467,483,105),(468,150,317),(469,256,492),(470,40,89),(471,113,207),(472,219,493),(473,463,92),(474,189,448),(475,339,160),(476,275,385),(477,316,21),(478,450,39),(479,12,235),(480,102,389),(481,345,146),(482,322,20),(483,278,365),(484,18,29),(485,3,72),(486,212,106),(487,378,458),(488,399,231),(489,217,450),(490,246,355),(491,51,99),(492,481,206),(493,64,405),(494,166,240),(495,159,44),(496,127,278),(497,426,474),(498,82,415),(499,391,476),(500,144,247),(501,39,244),(502,117,313),(503,453,348),(504,127,26),(505,477,259),(506,367,354),(507,134,199),(508,274,69),(509,188,198),(510,424,102),(511,498,499),(512,449,83),(513,76,87),(514,346,162),(515,203,350),(516,168,162),(517,362,126),(518,173,281),(519,160,167),(520,434,444),(521,457,434),(522,291,29),(523,225,288),(524,9,430),(525,83,10),(526,90,178),(527,22,178),(528,413,302),(529,292,88),(530,345,46),(531,164,364),(532,419,458),(533,231,200),(534,175,134),(535,72,397),(536,225,25),(537,134,139),(538,80,236),(539,328,352),(540,90,106),(541,303,326),(542,404,251),(543,394,337),(544,229,137),(545,283,329),(546,73,426),(547,231,491),(548,457,408),(549,383,41),(550,263,70),(551,244,319),(552,12,129),(553,215,207),(554,164,158),(555,335,370),(556,226,5),(557,465,389),(558,117,115),(559,265,289),(560,465,254),(561,184,461),(562,389,9),(563,324,132),(564,331,356),(565,191,113),(566,493,220),(567,392,393),(568,331,38),(569,224,258),(570,171,469),(571,49,95),(572,145,270),(573,84,400),(574,233,460),(575,196,361),(576,110,51),(577,117,492),(578,407,265),(579,60,350),(580,86,182),(581,486,347),(582,310,207),(583,278,131),(584,233,485),(585,291,497),(586,233,338),(587,187,351),(588,158,345),(589,492,322),(590,440,284),(591,171,211),(592,333,317),(593,63,221),(594,375,72),(595,258,343),(596,431,415),(597,149,478),(598,435,291),(599,121,492),(600,426,60),(601,364,60),(602,216,221),(603,387,425),(604,251,293),(605,265,331),(606,452,109),(607,168,179),(608,100,316),(609,348,412),(610,494,480),(611,26,200),(612,7,56),(613,101,333),(614,109,453),(615,292,10),(616,368,43),(617,106,156),(618,309,266),(619,85,34),(620,92,281),(621,41,122),(622,27,397),(623,333,261),(624,456,119),(625,21,4),(626,314,181),(627,127,369),(628,263,487),(629,119,325),(630,483,70),(631,96,335),(632,4,324),(633,467,14),(634,259,11),(635,313,169),(636,445,249),(637,146,361),(638,80,331),(639,286,397),(640,91,245),(641,292,285),(642,158,16),(643,404,460),(644,288,467),(645,376,286),(646,84,68),(647,474,339),(648,443,262),(649,435,189),(650,383,96),(651,115,326),(652,51,235),(653,441,148),(654,352,152),(655,308,140),(656,4,191),(657,403,203),(658,390,459),(659,417,314),(660,447,228),(661,274,90),(662,207,218),(663,171,404),(664,43,481),(665,355,112),(666,418,5),(667,133,180),(668,194,23),(669,264,200),(670,363,110),(671,131,168),(672,386,181),(673,396,185),(674,249,466),(675,429,136),(676,429,306),(677,52,472),(678,374,53),(679,230,332),(680,100,489),(681,242,360),(682,385,33),(683,68,246),(684,149,243),(685,233,76),(686,378,343),(687,137,124),(688,85,272),(689,73,236),(690,244,438),(691,72,310),(692,491,76),(693,28,245),(694,279,388),(695,375,222),(696,455,365),(697,471,123),(698,312,189),(699,457,351),(700,387,24),(701,348,193),(702,249,485),(703,61,97),(704,378,325),(705,340,321),(706,427,147),(707,297,280),(708,484,28),(709,345,80),(710,305,419),(711,221,483),(712,390,157),(713,270,175),(714,274,229),(715,245,475),(716,204,157),(717,355,195),(718,241,309),(719,446,442),(720,313,305),(721,151,350),(722,363,162),(723,251,261),(724,182,43),(725,359,424),(726,418,48),(727,396,376),(728,93,208),(729,103,257),(730,439,371),(731,116,444),(732,284,270),(733,87,387),(734,194,92),(735,93,319),(736,496,186),(737,74,39),(738,40,434),(739,385,126),(740,453,126),(741,450,378),(742,415,427),(743,114,340),(744,356,243),(745,195,445),(746,361,439),(747,438,33),(748,192,221),(749,171,454),(750,387,393),(751,499,62),(752,340,486),(753,350,365),(754,11,292),(755,243,283),(756,255,140),(757,176,360),(758,438,41),(759,338,500),(760,63,108),(761,256,435),(762,9,341),(763,441,73),(764,176,253),(765,451,404),(766,137,111),(767,194,341),(768,343,176),(769,256,141),(770,166,378),(771,84,258),(772,5,452),(773,234,483),(774,57,335),(775,35,17),(776,290,8),(777,407,336),(778,358,154),(779,69,144),(780,52,36),(781,184,304),(782,202,427),(783,370,162),(784,112,489),(785,63,170),(786,257,293),(787,127,297),(788,458,93),(789,162,337),(790,244,286),(791,169,487),(792,52,311),(793,292,94),(794,35,494),(795,293,49),(796,81,305),(797,359,480),(798,301,347),(799,353,246),(800,93,394),(801,237,153),(802,343,117),(803,382,403),(804,198,495),(805,122,207),(806,246,36),(807,285,409),(808,496,355),(809,403,456),(810,262,108),(811,35,380),(812,362,412),(813,345,67),(814,108,426),(815,67,69),(816,225,462),(817,197,89),(818,73,202),(819,488,419),(820,171,281),(821,376,137),(822,115,228),(823,332,27),(824,318,421),(825,40,134),(826,443,146),(827,114,157),(828,109,278),(829,326,7),(830,380,440),(831,73,251),(832,424,311),(833,279,381),(834,19,127),(835,271,460),(836,177,98),(837,416,203),(838,9,140),(839,108,20),(840,459,63),(841,200,142),(842,278,407),(843,444,488),(844,183,499),(845,416,313),(846,497,430),(847,463,185),(848,253,297),(849,177,367),(850,411,430),(851,80,117),(852,105,46),(853,54,140),(854,297,459),(855,229,467),(856,254,302),(857,83,289),(858,259,84),(859,254,369),(860,394,53),(861,72,55),(862,270,351),(863,282,319),(864,275,176),(865,469,333),(866,462,412),(867,55,244),(868,273,481),(869,101,241),(870,219,306),(871,26,290),(872,181,493),(873,248,40),(874,187,47),(875,316,124),(876,478,484),(877,457,496),(878,183,129),(879,249,242),(880,51,388),(881,349,44),(882,479,168),(883,94,355),(884,220,40),(885,274,15),(886,43,55),(887,77,427),(888,400,5),(889,113,425),(890,370,86),(891,83,13),(892,86,375),(893,282,307),(894,451,203),(895,484,410),(896,486,230),(897,273,421),(898,186,393),(899,17,494),(900,296,369),(901,411,114),(902,20,270),(903,74,361),(904,300,221),(905,275,18),(906,221,169),(907,283,235),(908,176,103),(909,320,9),(910,144,460),(911,32,104),(912,94,56),(913,5,268),(914,402,197),(915,123,416),(916,135,468),(917,498,191),(918,444,350),(919,196,184),(920,82,255),(921,182,241),(922,185,257),(923,451,1),(924,455,209),(925,63,274),(926,155,415),(927,392,387),(928,146,380),(929,429,197),(930,264,473),(931,6,83),(932,173,376),(933,71,146),(934,436,479),(935,196,432),(936,325,237),(937,348,395),(938,305,259),(939,103,357),(940,54,485),(941,157,213),(942,22,277),(943,168,221),(944,19,171),(945,302,109),(946,385,255),(947,121,433),(948,144,177),(949,371,196),(950,449,37),(951,214,27),(952,112,296),(953,333,5),(954,259,410),(955,296,224),(956,253,437),(957,304,454),(958,442,360),(959,205,10),(960,404,222),(961,195,374),(962,387,228),(963,135,4),(964,378,126),(965,166,89),(966,50,160),(967,166,108),(968,357,108),(969,252,256),(970,178,188),(971,353,49),(972,67,55),(973,145,365),(974,168,296),(975,160,227),(976,297,471),(977,420,19),(978,136,87),(979,492,36),(980,374,196),(981,79,73),(982,107,397),(983,24,142),(984,202,205),(985,469,258),(986,101,25),(987,319,320),(988,39,95),(989,269,316),(990,205,225),(991,123,485),(992,9,95),(993,320,279),(994,281,323),(995,445,178),(996,336,13),(997,299,34),(998,282,101),(999,14,77),(1000,134,295);
/*!40000 ALTER TABLE `courses_students` ENABLE KEYS */;
UNLOCK TABLES;

--
-- Table structure for table `departments`
--

DROP TABLE IF EXISTS `departments`;
/*!40101 SET @saved_cs_client     = @@character_set_client */;
/*!40101 SET character_set_client = utf8 */;
CREATE TABLE `departments` (
  `id` int(10) unsigned NOT NULL AUTO_INCREMENT,
  `name` varchar(255) DEFAULT NULL,
  PRIMARY KEY (`id`)
) ENGINE=InnoDB AUTO_INCREMENT=4 DEFAULT CHARSET=utf8mb4;
/*!40101 SET character_set_client = @saved_cs_client */;

--
-- Dumping data for table `departments`
--

LOCK TABLES `departments` WRITE;
/*!40000 ALTER TABLE `departments` DISABLE KEYS */;
INSERT INTO `departments` VALUES (1,'ДКИ'),(2,'ДПМ'),(3,'ДЭИ');
/*!40000 ALTER TABLE `departments` ENABLE KEYS */;
UNLOCK TABLES;

--
-- Table structure for table `hometowns`
--

DROP TABLE IF EXISTS `hometowns`;
/*!40101 SET @saved_cs_client     = @@character_set_client */;
/*!40101 SET character_set_client = utf8 */;
CREATE TABLE `hometowns` (
  `id` int(10) unsigned NOT NULL AUTO_INCREMENT,
  `name` varchar(255) DEFAULT NULL,
  PRIMARY KEY (`id`)
) ENGINE=InnoDB AUTO_INCREMENT=7 DEFAULT CHARSET=utf8mb4;
/*!40101 SET character_set_client = @saved_cs_client */;

--
-- Dumping data for table `hometowns`
--

LOCK TABLES `hometowns` WRITE;
/*!40000 ALTER TABLE `hometowns` DISABLE KEYS */;
INSERT INTO `hometowns` VALUES (1,'Ekaterinburg'),(2,'Taganrog'),(3,'Moscow'),(4,'Saint Petersburg'),(5,'Rostov'),(6,'Kaliningrad');
/*!40000 ALTER TABLE `hometowns` ENABLE KEYS */;
UNLOCK TABLES;

--
-- Table structure for table `students`
--

DROP TABLE IF EXISTS `students`;
/*!40101 SET @saved_cs_client     = @@character_set_client */;
/*!40101 SET character_set_client = utf8 */;
CREATE TABLE `students` (
  `id` int(10) unsigned NOT NULL AUTO_INCREMENT,
  `name` varchar(255) DEFAULT NULL,
  `hometown` int(10) unsigned DEFAULT NULL,
  `department` int(10) unsigned DEFAULT NULL,
  PRIMARY KEY (`id`),
  KEY `hometown` (`hometown`),
  KEY `department` (`department`),
  CONSTRAINT `students_ibfk_1` FOREIGN KEY (`hometown`) REFERENCES `hometowns` (`id`),
  CONSTRAINT `students_ibfk_2` FOREIGN KEY (`department`) REFERENCES `departments` (`id`)
) ENGINE=InnoDB AUTO_INCREMENT=510 DEFAULT CHARSET=utf8mb4;
/*!40101 SET character_set_client = @saved_cs_client */;

--
-- Dumping data for table `students`
--

LOCK TABLES `students` WRITE;
/*!40000 ALTER TABLE `students` DISABLE KEYS */;
INSERT INTO `students` VALUES (1,'alex11',3,3),(2,'Kristen Spence',1,2),(3,'alex11',NULL,NULL),(4,'alex11',NULL,NULL),(5,'alex11',3,2),(6,'Fuller Morton',3,2),(7,'Sawyer Marks',4,3),(8,'Zahir Baird',4,2),(9,'Kennan Copeland',4,3),(10,'Abigail Humphrey',5,1),(11,'Celeste Bruce',5,2),(12,'Beck Santos',4,3),(13,'Melissa Knight',2,1),(14,'Florence Cummings',5,2),(15,'Melissa Higgins',5,1),(16,'Imogene Durham',2,1),(17,'Austin Chapman',6,2),(18,'Jael Berry',2,3),(19,'Fay Guzman',6,2),(20,'Megan Morrison',4,2),(21,'Wyatt Quinn',6,2),(22,'Moana Freeman',1,1),(23,'Aristotle Mccullough',6,2),(24,'Halla Wells',3,2),(25,'Logan Marquez',4,1),(26,'Gannon Fields',6,3),(27,'Vernon Cortez',1,3),(28,'Price Gould',6,3),(29,'John Snider',5,2),(30,'Mira Joyce',4,3),(31,'Daniel Casey',6,3),(32,'Deborah Hewitt',5,2),(33,'Kaye Dyer',5,3),(34,'Jeremy Leon',5,1),(35,'Dacey Harvey',5,2),(36,'Cyrus Walton',6,3),(37,'Nigel Davidson',5,2),(38,'MacKensie Hatfield',1,2),(39,'Thane Mcintosh',1,2),(40,'Fritz Mcgee',4,1),(41,'Martena Horton',4,2),(42,'Laura Crawford',2,2),(43,'David Green',1,3),(44,'Daquan Knowles',1,2),(45,'Harrison Dale',3,1),(46,'Kim Weiss',2,2),(47,'Christine Navarro',1,2),(48,'Dorian Ramos',5,2),(49,'Francesca Irwin',3,2),(50,'Ingrid Stevenson',6,2),(51,'Samson Morrison',6,2),(52,'Jarrod Bennett',2,3),(53,'Jillian Barnes',6,3),(54,'Carl Hopkins',5,3),(55,'Talon Burke',3,1),(56,'Margaret Rivas',2,2),(57,'Fatima Conley',4,2),(58,'Lillith Estrada',3,2),(59,'Upton Wise',6,2),(60,'Cadman Newman',6,2),(61,'Stella Ayala',1,2),(62,'Steel Jones',1,2),(63,'Yvonne Cox',1,1),(64,'Buckminster Faulkner',2,3),(65,'Alexander Franklin',3,2),(66,'Zelda Raymond',3,1),(67,'Jada Foreman',5,3),(68,'Edan Tran',1,2),(69,'Wang Whitney',5,1),(70,'Quamar Thompson',6,3),(71,'Chester Mccray',3,2),(72,'Brianna Hahn',3,1),(73,'Chester Dunlap',4,1),(74,'Cassidy Rodgers',6,2),(75,'Kenneth Chandler',1,2),(76,'Eagan Wolf',1,1),(77,'Leonard Vasquez',6,2),(78,'Yael Meadows',1,3),(79,'Orson Freeman',2,1),(80,'Raya Richardson',6,2),(81,'Maisie Mosley',2,2),(82,'Kirsten Morton',1,2),(83,'Xander James',6,1),(84,'Jael Guy',6,3),(85,'Tatiana Cannon',6,1),(86,'Xena Tran',5,2),(87,'Craig Kemp',6,2),(88,'Nelle Goff',3,1),(89,'Eric Barker',4,2),(90,'Rose Brennan',1,1),(91,'Reece Franks',2,3),(92,'Alice Cortez',4,2),(93,'Quintessa Baker',6,1),(94,'Forrest Suarez',2,2),(95,'Haley Haley',5,1),(96,'Igor Rosario',2,3),(97,'Ursula Powell',4,2),(98,'Steven Donovan',2,3),(99,'Marvin Ochoa',4,3),(100,'Lee Beard',6,2),(101,'Briar Reid',6,2),(102,'Owen Gregory',4,2),(103,'Steven Rasmussen',1,1),(104,'Dustin Curry',5,2),(105,'Abraham Campos',4,2),(106,'Adrian Cash',6,1),(107,'Valentine Shepard',2,1),(108,'Fulton Calderon',6,2),(109,'Halla Brennan',3,2),(110,'Rhonda Ruiz',4,2),(111,'Fleur Joyner',4,2),(112,'Slade Gonzales',3,2),(113,'Dawn Farrell',2,2),(114,'Oliver Sanders',3,3),(115,'Lillith Clemons',5,2),(116,'Melanie Workman',4,2),(117,'Pascale Aguilar',5,2),(118,'Nolan Merrill',3,1),(119,'Vance Savage',3,2),(120,'Xenos Parker',6,2),(121,'Ian Holmes',6,2),(122,'Iona Velazquez',4,1),(123,'Raphael Rose',1,1),(124,'Ivana Preston',1,2),(125,'Linda Reilly',4,2),(126,'Scott Sosa',6,2),(127,'Barbara Blake',2,2),(128,'Drew Donaldson',1,3),(129,'Herman Stewart',4,3),(130,'Genevieve Sutton',2,2),(131,'Rae Foster',4,1),(132,'Xander Huffman',1,3),(133,'Janna Cooper',5,3),(134,'Kieran White',1,2),(135,'Clementine Galloway',2,3),(136,'Harding Long',4,2),(137,'Hadassah Dale',4,2),(138,'Carlos Summers',6,1),(139,'Geoffrey Young',5,2),(140,'Yvonne Mcclain',2,2),(141,'Ignatius Baker',4,1),(142,'Walter Contreras',3,1),(143,'Wyatt Peters',2,3),(144,'Natalie Hughes',4,1),(145,'Harding Huber',3,3),(146,'Madonna Burgess',6,1),(147,'Carolyn Reeves',6,2),(148,'Leah Huff',2,2),(149,'Liberty Wheeler',4,1),(150,'Thor Landry',1,2),(151,'Regina Wilson',5,2),(152,'Florence Frye',1,2),(153,'Preston Montgomery',2,2),(154,'Lani Walker',5,1),(155,'Hope Davidson',1,2),(156,'Winifred Casey',3,3),(157,'Gail Stafford',2,2),(158,'Ingrid Allison',1,2),(159,'Eliana Gomez',2,1),(160,'Guy Keith',4,2),(161,'McKenzie Rice',5,1),(162,'Aaron Mcfadden',3,1),(163,'Blake Chapman',1,2),(164,'Eagan Cash',6,2),(165,'Jaime Witt',4,2),(166,'Leslie Dodson',5,2),(167,'Jeanette Kelley',5,3),(168,'Shana Stein',2,2),(169,'Cara Leblanc',3,2),(170,'Yuli Baldwin',3,1),(171,'Josiah Combs',2,2),(172,'Fallon Estes',3,1),(173,'Minerva Fry',2,1),(174,'Hillary Morton',2,2),(175,'Ishmael Armstrong',5,1),(176,'Hiram Dillon',4,1),(177,'Chancellor Williams',6,2),(178,'Paula Hester',2,2),(179,'Mannix Waller',6,2),(180,'Gabriel Potts',6,3),(181,'Lois Cain',6,3),(182,'Nicholas Curry',5,3),(183,'Blossom Atkins',5,3),(184,'Mara Bradley',3,1),(185,'Jeremy Jenkins',5,3),(186,'Denton England',3,2),(187,'Bradley Carpenter',1,2),(188,'Kirk Payne',2,3),(189,'Sean Robinson',1,1),(190,'Halee Ball',5,2),(191,'Sasha Snider',3,3),(192,'Hiroko Daniel',2,1),(193,'Wynne Gonzales',3,2),(194,'Idona Rios',4,1),(195,'Logan Mcintyre',2,2),(196,'Boris Leblanc',6,2),(197,'Baxter Hendricks',6,1),(198,'Bevis Moon',6,1),(199,'Sage Foreman',3,1),(200,'Mohammad Quinn',1,2),(201,'Fuller Heath',6,3),(202,'Cameron English',4,3),(203,'Alana Potter',6,2),(204,'Ignacia Hickman',4,2),(205,'Lacota Skinner',2,3),(206,'Lionel Bradford',6,1),(207,'Bradley Carr',4,2),(208,'Vladimir Lloyd',1,2),(209,'Brennan Mcpherson',1,1),(210,'Hilel Rollins',1,1),(211,'Ivy Giles',5,2),(212,'Troy Webb',4,1),(213,'Shelby Bolton',4,3),(214,'Yasir Wright',1,1),(215,'Gregory Monroe',6,2),(216,'Grace Burt',5,1),(217,'Yardley Vincent',2,1),(218,'Keegan Coleman',6,3),(219,'Kalia Mcmahon',3,2),(220,'Noel Andrews',2,1),(221,'Blythe Watson',3,3),(222,'Joy Church',5,2),(223,'Cassidy Lott',4,2),(224,'Hayden Knowles',3,2),(225,'Meredith Palmer',1,3),(226,'Timothy Kramer',2,2),(227,'Bethany Mcknight',6,1),(228,'Gareth Bond',4,3),(229,'Jacob Santiago',2,1),(230,'Geoffrey Koch',1,3),(231,'Prescott Whitney',6,3),(232,'Ina Lott',2,2),(233,'Guinevere Puckett',5,2),(234,'Thomas Hawkins',2,3),(235,'Hillary Nunez',5,3),(236,'Kellie Johnston',2,3),(237,'Robin Brown',1,2),(238,'Simon Burris',3,2),(239,'Oliver Randall',6,3),(240,'Quail Mercer',5,2),(241,'Winifred Hunt',3,2),(242,'Stacey Craft',6,1),(243,'Harlan Sanford',4,2),(244,'Rachel Steele',6,2),(245,'Dante Oneil',3,2),(246,'Tatyana Jensen',1,2),(247,'Vivien Suarez',2,3),(248,'Otto Sandoval',5,3),(249,'Dominique Morin',2,1),(250,'Bryar Head',3,1),(251,'Brenden Calderon',5,2),(252,'Stephen Fernandez',4,1),(253,'Warren Flores',4,2),(254,'Merritt Myers',6,1),(255,'Malik Sparks',5,1),(256,'Lester Parks',1,1),(257,'Samantha Rowe',2,2),(258,'Ivor Watson',6,3),(259,'Vielka Schroeder',1,3),(260,'Garrison Marks',6,1),(261,'Lois Hatfield',6,2),(262,'Fitzgerald Gutierrez',5,2),(263,'Aretha Rasmussen',4,2),(264,'Jerry Long',6,1),(265,'Lucas Olsen',5,3),(266,'Wayne Schmidt',4,1),(267,'Whitney House',3,1),(268,'Flynn Harding',3,2),(269,'Ivory Ochoa',1,1),(270,'Samuel Pena',6,2),(271,'Amity Hester',4,3),(272,'Xavier Dyer',4,2),(273,'Amery Miles',3,2),(274,'Daphne Stone',2,2),(275,'Davis Long',4,2),(276,'Caleb Harvey',4,2),(277,'Dane Frederick',5,2),(278,'Rigel Nash',5,2),(279,'Noah Bernard',6,2),(280,'Priscilla Moody',2,2),(281,'Vielka Rivas',1,2),(282,'Shelby Harrington',3,2),(283,'Desirae Harmon',4,3),(284,'Thomas Benjamin',5,2),(285,'Sonia Noble',5,2),(286,'Sasha Burnett',3,1),(287,'Adrian Garner',5,3),(288,'Madaline Stuart',2,2),(289,'Amery Savage',1,2),(290,'Tatyana Charles',3,2),(291,'Wang Park',4,2),(292,'Hadassah Foster',6,1),(293,'Libby Gutierrez',2,3),(294,'Thor Bishop',3,2),(295,'Akeem Singleton',5,2),(296,'Levi Hurley',2,2),(297,'Kelly Robbins',1,1),(298,'Carly Newman',6,3),(299,'Maisie Hill',6,3),(300,'Bernard Hahn',3,2),(301,'Burke Parks',6,2),(302,'Reed Lester',4,2),(303,'Yael Hubbard',4,2),(304,'Mona Howe',4,1),(305,'Vaughan Peters',5,3),(306,'Adele Nash',5,2),(307,'Emery Santos',2,2),(308,'Sebastian Lindsey',1,3),(309,'Jelani Watson',3,2),(310,'Chadwick Prince',1,1),(311,'Zia Pruitt',4,1),(312,'Savannah Berger',5,3),(313,'Rajah Horn',3,3),(314,'Wallace Ayers',4,3),(315,'Nyssa Vinson',4,1),(316,'Aquila Knox',5,2),(317,'Jin Riley',3,2),(318,'Neville Clarke',4,3),(319,'Candice Carroll',1,1),(320,'Jenette Frank',2,3),(321,'Fay Kennedy',3,2),(322,'Rogan Carney',2,3),(323,'Adam Rodriguez',1,2),(324,'Pamela Guerrero',4,1),(325,'Nevada Britt',5,2),(326,'Seth Wall',5,2),(327,'Demetrius Barry',2,2),(328,'Drake Benjamin',6,1),(329,'Holly Mills',1,2),(330,'Rhiannon Kelley',2,2),(331,'Caesar Mcgowan',2,2),(332,'Colby Hodge',6,2),(333,'Hermione Parker',3,3),(334,'Sawyer Durham',2,2),(335,'Cameron Weeks',5,3),(336,'Orlando Cox',5,3),(337,'Jennifer Rojas',2,3),(338,'Cheryl Cooke',6,1),(339,'Emerson Best',5,2),(340,'Hiroko Evans',3,2),(341,'Dane Hart',5,1),(342,'Freya Bowman',1,2),(343,'Stephanie Baker',4,1),(344,'Pandora Chen',3,2),(345,'Justine Mcdaniel',6,1),(346,'Rae May',3,1),(347,'Avye Merritt',6,1),(348,'Maris Dominguez',3,3),(349,'Keane Moody',5,2),(350,'Molly Walker',1,1),(351,'Lenore Hahn',4,2),(352,'Nadine Gates',1,2),(353,'Wyoming Hutchinson',4,1),(354,'Merritt Williams',5,2),(355,'Aimee Durham',6,2),(356,'Indigo Jordan',5,2),(357,'Caryn Hensley',5,3),(358,'Griffin Sweeney',6,2),(359,'Aristotle Jacobson',4,2),(360,'Gary Dyer',5,2),(361,'Clare Bailey',5,3),(362,'Autumn Acevedo',5,1),(363,'Kellie Melton',1,3),(364,'Sydney Carver',3,3),(365,'Keefe Fletcher',6,2),(366,'Ursula Ellison',5,1),(367,'Cade Patel',3,3),(368,'Thaddeus Lowery',5,3),(369,'Brianna Walsh',4,2),(370,'Yoko Cain',3,1),(371,'Evangeline Cohen',1,2),(372,'Xavier Patel',5,1),(373,'Marny Bell',5,2),(374,'Jacqueline Dickerson',4,1),(375,'Ora Huff',5,3),(376,'Ryan Simon',1,3),(377,'Fleur Mathis',5,3),(378,'Hasad Alvarado',2,3),(379,'Drew Downs',1,3),(380,'Miranda England',3,2),(381,'Gwendolyn Sampson',4,2),(382,'Carol Dudley',3,1),(383,'Steven Eaton',4,2),(384,'Liberty Farley',2,2),(385,'Holly Blackwell',2,1),(386,'Illiana Dillon',1,2),(387,'Kevin York',3,2),(388,'Mollie Allison',2,1),(389,'Kato Parker',6,3),(390,'Josiah Barr',1,2),(391,'Rhiannon George',4,2),(392,'Denton Bishop',6,1),(393,'Austin Bray',4,2),(394,'Cadman Salinas',4,1),(395,'Freya Merrill',5,2),(396,'Hayden Hawkins',5,1),(397,'Flynn Lindsey',1,2),(398,'Drake Fox',1,2),(399,'Carissa Frederick',5,1),(400,'Solomon Oneal',3,1),(401,'Quynn Copeland',3,3),(402,'Damon Bush',2,2),(403,'Calista Gould',2,2),(404,'Linus Whitfield',2,2),(405,'Hermione Mcclure',2,1),(406,'Desiree Woodward',1,2),(407,'Aidan Kramer',3,2),(408,'Larissa Calhoun',3,1),(409,'Holmes Robinson',5,3),(410,'Joshua Ellis',3,1),(411,'Ivana Olson',4,1),(412,'Uma Greene',6,2),(413,'Carter Bean',2,2),(414,'Karyn Cooper',2,3),(415,'Keefe Garner',6,2),(416,'Nadine Houston',5,2),(417,'Farrah Phillips',4,2),(418,'Lee Contreras',4,3),(419,'Cade Fuller',2,1),(420,'Shaeleigh Rice',2,3),(421,'Chaim Cervantes',5,3),(422,'Kennan Mccoy',2,1),(423,'Conan Patton',2,3),(424,'Fuller Edwards',5,2),(425,'Ina Shannon',5,1),(426,'Jenna Harvey',6,2),(427,'Kasper Hahn',6,3),(428,'Yuri Barr',2,3),(429,'Iris Peck',4,1),(430,'Ralph Lambert',5,3),(431,'Ila Horton',2,2),(432,'Whoopi Dennis',3,3),(433,'Lillith Tran',3,1),(434,'Igor Nielsen',1,3),(435,'Nita Franklin',2,3),(436,'Kasper Garza',6,1),(437,'Mara Wong',6,1),(438,'Wing Bartlett',1,2),(439,'Alfreda Glass',2,2),(440,'Angela Whitehead',5,2),(441,'Quon Macdonald',2,2),(442,'Wesley Lancaster',6,3),(443,'Jana Stout',2,1),(444,'Chelsea Moran',3,1),(445,'Todd Saunders',2,2),(446,'Chantale Wong',3,1),(447,'Athena Solis',1,3),(448,'Ursa Massey',3,2),(449,'Odette Hall',5,2),(450,'Venus Fox',3,2),(451,'Remedios Collins',2,1),(452,'Alexis Nash',2,1),(453,'Ursa Evans',6,2),(454,'Colorado Curry',4,3),(455,'Trevor Weaver',6,1),(456,'Brooke Serrano',2,2),(457,'James Diaz',5,2),(458,'Geoffrey Farley',1,1),(459,'Alexandra Riley',5,3),(460,'Hyatt Orr',1,1),(461,'Kaseem Chen',6,3),(462,'Maia Patrick',5,1),(463,'Cullen Brown',4,2),(464,'Evan Buck',6,2),(465,'Andrew Peterson',1,2),(466,'India Schroeder',6,3),(467,'Bevis Mills',1,1),(468,'Rhiannon Roberson',3,2),(469,'Dieter Larsen',1,3),(470,'Colleen Marks',5,2),(471,'Shannon Sherman',6,2),(472,'Dominic Haney',4,3),(473,'Dalton Dotson',3,3),(474,'Amela Morrison',2,1),(475,'Kamal Dominguez',5,2),(476,'Phillip Pace',1,1),(477,'Magee Wallace',5,2),(478,'Rhea Cross',1,2),(479,'Merritt Avery',5,1),(480,'Melinda Avila',1,1),(481,'Joy Lott',1,1),(482,'Demetria Mann',2,3),(483,'Perry Hawkins',3,3),(484,'Chadwick Mclean',5,3),(485,'Vaughan Sweeney',5,3),(486,'Hillary Bush',3,3),(487,'Veronica Harrington',2,1),(488,'Adrienne Mclaughlin',1,1),(489,'Dana Mccoy',4,2),(490,'Remedios Cantrell',6,2),(491,'Suki Day',1,1),(492,'Uta Rios',5,3),(493,'Gary Griffith',6,1),(494,'Madison Larsen',5,1),(495,'Ira Hogan',3,2),(496,'Ross Melendez',2,2),(497,'Jacqueline Briggs',5,3),(498,'Macaulay Hudson',1,2),(499,'Vincent Nielsen',3,3),(500,'Tate Morales',4,2),(503,'aleksey',1,1),(504,'aleksey',1,1),(509,'ivan ivanov new',6,3);
/*!40000 ALTER TABLE `students` ENABLE KEYS */;
UNLOCK TABLES;
/*!40103 SET TIME_ZONE=@OLD_TIME_ZONE */;

/*!40101 SET SQL_MODE=@OLD_SQL_MODE */;
/*!40014 SET FOREIGN_KEY_CHECKS=@OLD_FOREIGN_KEY_CHECKS */;
/*!40014 SET UNIQUE_CHECKS=@OLD_UNIQUE_CHECKS */;
/*!40101 SET CHARACTER_SET_CLIENT=@OLD_CHARACTER_SET_CLIENT */;
/*!40101 SET CHARACTER_SET_RESULTS=@OLD_CHARACTER_SET_RESULTS */;
/*!40101 SET COLLATION_CONNECTION=@OLD_COLLATION_CONNECTION */;
/*!40111 SET SQL_NOTES=@OLD_SQL_NOTES */;

-- Dump completed on 2022-01-20 21:24:39
